x,y
-72.16021522068232,2.535668217343243
-72.17311122844471,1.9286263503173204
-72.20580163611017,1.3240682701704465
-72.25537354078757,0.7338326499663737
-72.31925414261603,0.16820265981384874
-72.43247645269209,-0.5325948897319421
-72.41185417751787,-0.41517098574514083
-72.46515555596261,-0.6899963291801553
-72.62824344935234,-1.433534952063816
-72.78707159423726,-1.9845314946938886
-73.02039125538215,-2.6349049220811542
-73.01724306817809,-2.6260299172497614
-73.12411525012257,-2.8869513503029482
-73.39763135826841,-3.4591923956558093
-73.69890763538714,-3.9649612688850797
-74.03194011441504,-4.436301395821506
-74.53920532148176,-5.000815717438341
-74.32317516009584,-4.776043418275366
-74.70391462507733,-5.158015553399875
-75.21378378935441,-5.583158130585506
-75.69308589958388,-5.9223887469160665
-75.3511545302837,-5.689529601719453
-75.97160884945325,-6.090044954537959
-76.5198717624591,-6.38254805897427
-77.06905215187575,-6.6236035582146116
-77.6365203232877,-6.823201643950464
-78.21310883320857,-6.979360352314875
-78.79763881675568,-7.095120464252786
-79.38993449759747,-7.1738494957177
-79.98977268397599,-7.2189311697443985
-80.59282398178495,-7.235124106280381
-81.18756255376127,-7.2295965404454146
-81.76375882076307,-7.209624425731616
-82.47496658250013,-7.170860977835457
-82.14194454024992,-7.190103288863791
-82.86441813262022,-7.146718922081636
-82.6294938862957,-7.161480768420785
-83.06628096202562,-7.135227792846025
-83.74735138995666,-7.098723963413452
-84.30335554838092,-7.08109919248533
-83.91758255837968,-7.092050119032981
-84.69258394781275,-7.077422028371717
-85.27953369534391,-7.091667037317712
-85.8816667157539,-7.132542802376958
-86.47509157795643,-7.208362527388354
-87.06163585626791,-7.322508840713075
-87.6393029523733,-7.484897801405365
-88.19879225015306,-7.696471598255317
-88.735159923433,-7.955707725648229
-89.26115183228399,-8.254554897650976
-89.75761937144583,-8.562756030268973
-90.34774313846846,-8.943891613380194
-90.27370968464054,-8.896204417837499
-90.59560222677096,-9.103833536958744
-91.08064980386705,-9.40805647337038
-91.67799787538945,-9.74434897946965
-91.33632349815954,-9.55268714650776
-92.03035252806242,-9.90639528568607
-91.72077047910015,-9.764768251031347
-92.37740025782459,-10.044996735682473
-92.11145039880188,-9.951490809305874
-92.67062412550078,-10.160935748021162
-93.22842325330967,-10.310569268456083
-93.86774563155029,-10.437023642842362
-93.94224247649953,-10.448411781774613
-94.18588294690207,-10.487915713374477
-94.86593446472651,-10.579254316073792
-94.75792664662512,-10.565736214181285
-95.16841921476632,-10.616399941107096
-95.73016889152161,-10.68386319507284
-96.41514863559551,-10.777280786829476
-96.04479682777023,-10.72516419057351
-96.74234685883995,-10.827691041720529
-97.29440280932117,-10.932413947317796
-97.85490957604675,-11.060304476810849
-98.53222084650726,-11.26509807593921
-98.21181326287103,-11.162178264507613
-98.83313869562238,-11.372638039644302
-99.36007630262252,-11.59664503144262
-99.97502506889069,-11.936594162625681
-99.92837152942418,-11.908340546751727
-100.1653624772128,-12.062563446510332
-100.68356792447186,-12.489612319134489
-101.02590138531944,-12.947717500141632
-101.28659484589855,-13.497302021883646
-101.45073755554188,-14.068545808078994
-101.53835984177796,-14.652530669091195
-101.55042621090892,-15.207942825934133
-101.5497166411933,-15.027928172504923
-101.54732328109384,-14.845644025705552
-101.54343566570358,-15.32383216425323
-101.48193413299306,-15.99382359527584
-101.36920133785569,-16.55686579577932
-101.21836569808347,-17.13666928623222
-101.03422885303902,-17.71596161829271
-100.82339735707436,-18.280016351463054
-100.59949672909777,-18.824007976272117
-100.36617831147763,-19.36919734571213
-100.124841598959,-19.90867145866911
-100.27079945600664,-19.58312096610959
-99.95242685845112,-20.29601778315873
-99.71911757716082,-20.825297942435373
-99.48043017909112,-21.37507307557668
-99.24238403285916,-21.930104571708423
-99.01012242891571,-22.47673141622998
-98.77522407972052,-23.031397685848315
-98.53864619831201,-23.58911068464346
-98.40058417029236,-23.912018214393413
-98.45810180498746,-23.778752980965802
-98.07831189876445,-24.65897189225478
-98.08996360067832,-24.631876611441548
-98.04747874421875,-24.7293448073548
-97.76766461435103,-25.366207992216477
-97.53926351776741,-25.87875785972263
-97.30201803855473,-26.408605749025163
-97.41416475683481,-26.158692743253763
-97.11315754664965,-26.82937348550285
-97.26618013636617,-26.48859089281785
-96.95725039169537,-27.176781212257524
-96.72374524080381,-27.69736307695165
-96.48056614838768,-28.243085057228395
-96.23405814892187,-28.801298093287123
-96.00718442505102,-29.321141601725515
-95.72603570729777,-29.976656903366273
-95.84837605019656,-29.69005596769069
-95.60953568113965,-30.251597120394013
-95.35939087129702,-30.852204059904555
-95.50858656635252,-30.492273002515535
-95.24621229520022,-31.127198447854852
-95.01617332676423,-31.695274581843588
-94.7932028160901,-32.257183043893704
-94.579584151933,-32.80631989185007
-94.35745918876476,-33.39087414930308
-94.28426143211146,-33.587770489295536
-94.24317224503216,-33.69770601366182
-94.09610043143107,-34.0981920589256
-94.1610748851275,-33.920937564549845
-93.89227487515787,-34.663907434190904
-93.70158505550137,-35.210025683218625
-93.50926117099057,-35.77736651634404
-93.363714665285,-36.22109983845572
-93.43758353792062,-35.99999722407323
-93.21757684502455,-36.68152051794209
-93.31510119348252,-36.3730548483859
-93.11176468713907,-37.023791564953775
-92.9820033625239,-37.460689358381934
-93.02670855943629,-37.30776842597605
-92.83603193510359,-37.9702148874852
-92.9455340340045,-37.58260012534445
-92.71073245841067,-38.431195340271245
-92.62486327212747,-38.76113392137025
-92.66610556856303,-38.60146898084602
-92.50270890372126,-39.25094020555617
-92.36864409745421,-39.82895254677698
-92.24309761130557,-40.412400974895874
-92.1252909831594,-41.00642815772924
-92.01810354772155,-41.58868852979254
-91.91661541782544,-42.187430556536036
-91.84507127145332,-42.64055971706729
-91.86791001631983,-42.491883040338266
-91.77157008395045,-43.1335382984958
-91.81739533898804,-42.82182571848724
-91.70925832888231,-43.57500174945669
-91.63677019722314,-44.12936576057334
-91.56161191451488,-44.73590223467986
-91.49653923451488,-45.319605624133445
-91.43516611743665,-46.0027040679275
-91.44192091455392,-45.91882656091745
-91.41405606779799,-46.285974228483326
-91.38415191750522,-46.883060279203576
-91.37333222789474,-47.47941569934417
-91.38903895259574,-48.137920694451935
-91.39120285981649,-48.167738149251846
-91.40485880793682,-48.42066050795328
-91.45933801694983,-49.01512773532889
-91.573494916291,-49.72109136827518
-91.51504941275009,-49.39614206236075
-91.60134333630879,-49.826801857352855
-91.7669299373646,-50.51807109141779
-91.93954311108531,-51.018600156071244
-91.85947856119049,-50.799423969556344
-92.11570036697596,-51.453087314427286
-91.97457931407362,-51.11244824895731
-92.28936520872327,-51.81664211216967
-92.5740680121152,-52.30502153150709
-92.91977464250742,-52.803601038424794
-93.30211141799505,-53.25113137777576
-93.79442301780085,-53.69617637202882
-94.0254649838518,-53.86607746644608
-93.9751717083252,-53.832301437176085
-94.58655611802102,-54.18524951533923
-95.13143852017906,-54.33523488359555
-95.738055776003,-54.41343520747744
-96.38614438337278,-54.36925337338739
-96.49467180219722,-54.35410913291485
-96.52305360931169,-54.35444955673096
-97.13191067434849,-54.223786067482905
-96.82853525059444,-54.297837574621724
-97.4750564274041,-54.12195875889737
-98.03669049000874,-53.90380456391167
-97.65750678898945,-54.055257456899106
-98.3568453469743,-53.76081958520376
-98.8797058833587,-53.49366200365822
-99.39937925788001,-53.197247179183094
-99.91252503410135,-52.87475982931247
-100.38724217299225,-52.55618444843756
-100.98789672800346,-52.12860620792261
-100.75709839834006,-52.29524988457891
-101.14036123369013,-52.016641318019495
-101.67248536144943,-51.62212376900218
-102.13341421354819,-51.27361857071189
-102.72017508272612,-50.81955136143994
-102.56064964814243,-50.9439185106283
-102.88660851835134,-50.68880535592616
-103.40365119643153,-50.27595139305611
-103.85422525459684,-49.90523925536778
-104.31681645723694,-49.512653250065036
-104.74994577534375,-49.13335267776343
-105.18737483204805,-48.73457844558434
-104.93698092406406,-48.964221943256696
-105.5117323469793,-48.43060723437197
-105.8991108144995,-48.053359988728985
-106.40126374359808,-47.54543301259298
-106.16693578205512,-47.78524202677162
-106.6641214496203,-47.27086165791255
-106.53518697805184,-47.40573131167419
-106.79417941126074,-47.13182241030278
-107.24093518202378,-46.64581860896789
-107.63217271378625,-46.202882767796815
-108.02112580522422,-45.74788127012471
-108.40281649814652,-45.28549547807418
-108.7869464774078,-44.80385925012314
-108.94529343928252,-44.59948765388955
-108.89105596553746,-44.66903370292037
-109.39068932693381,-44.01260724925039
-109.72692141728967,-43.54969813751316
-110.07522480600124,-43.05636499486559
-110.26829959290433,-42.77393049751788
-110.23734048251607,-42.819086980656365
-110.61594182235761,-42.25563187529252
-111.03613716819586,-41.600496168665615
-110.8630012809371,-41.873754006811645
-111.12824348679167,-41.45391617774927
-111.46056007795761,-40.91301498586956
-111.75946109160371,-40.4082860517062
-112.05520628310533,-39.893234965902245
-112.34689837268084,-39.37012512046303
-112.63364008054837,-38.84121990739381
-112.91453412692627,-38.30878271869993
-113.1886832320328,-37.77507694638669
-113.45520343358392,-37.24234476460714
-113.71617159953847,-36.70811106053351
-113.97817912507776,-36.16253964398066
-114.22425837739179,-35.6389079087246
-114.51827911166933,-35.00214996452173
-114.38910498172606,-35.282900698680066
-114.63847893679227,-34.7387980251855
-114.91066169552049,-34.13511915586659
-114.75311107926929,-34.48535471887483
-115.04080110544902,-33.84449078382517
-115.29095474584278,-33.281703112818455
-115.52938405562189,-32.74125681264959
-115.77511597361487,-32.182588569454325
-116.01508172877146,-31.63628767750798
-116.24543161835909,-31.11231538531047
-116.51877612101038,-30.49309926130294
-116.35566125243098,-30.86267361516038
-116.64228028999564,-30.214788646719118
-116.88307305286429,-29.675307433104393
-117.13264955702651,-29.121122730386585
-117.37571132183413,-28.587679750046814
-117.60656485623386,-28.087225376174615
-117.50106777476387,-28.315560010798205
-117.78636222532371,-27.70234754082205
-118.04109007662544,-27.16616685364004
-118.30161552069013,-26.62705683342333
-118.57135656982166,-26.081562000881828
-118.73801267719384,-25.75206801969278
-118.60824145109812,-26.00681257352583
-119.01913030480617,-25.205721080059085
-119.08489224611415,-25.08193943433501
-119.1605810864252,-24.937416998168104
-119.45464132908175,-24.391440098400203
-119.74474044512799,-23.869384110114044
-120.04460842843979,-23.348474589636194
-120.3489793426169,-22.835987460857613
-120.66328508255404,-22.32692460772389
-120.99216335988338,-21.819664297656587
-121.31655388551619,-21.34500918241663
-121.73897531981265,-20.777535272278413
-121.52520577392458,-21.05846159869112
-121.92831419268127,-20.538647993178962
-122.31846193532017,-20.08464499161229
-122.5238159987366,-19.86471151134116
-122.4954764446277,-19.895343385011806
-123.0155344796156,-19.3793303244342
-123.46312082610183,-19.001109693677794
-123.94866243902379,-18.64129182415775
-124.29682919979089,-18.415448333870273
-124.16159997453545,-18.500560941134758
-124.7539685585546,-18.143910915215212
-125.26508056387986,-17.884772675509694
-125.81368362834597,-17.63696676449958
-126.36390438517937,-17.422087978317062
-126.0633620502174,-17.53655759816838
-126.7628202757742,-17.281368280872698
-127.29853281740249,-17.11835732655345
-127.88653522510603,-16.958064012554424
-128.46299158560308,-16.823322816033198
-128.83470947719434,-16.746139529690645
-128.73991935248645,-16.76580141848074
-129.4288662519406,-16.633494597419556
-130.00347417764877,-16.542397825127914
-130.5810541353606,-16.458909258728095
-131.25961055648546,-16.37893978507891
-131.3958612864556,-16.36388707744205
-131.44196679800734,-16.359352455321375
-132.18989979344374,-16.286077984404304
-132.75665322683503,-16.241332209818953
-133.3449002752313,-16.20089370024129
-134.04513035891534,-16.161097903886116
-133.90194024247296,-16.16862264185958
-134.2020617974631,-16.153436532744117
-134.8646143452106,-16.122211308079546
-135.54114235923765,-16.096518701597475
-135.1888498031612,-16.109713598143443
-135.86586464752526,-16.0852928552554
-136.45112084322218,-16.06681723237131
-137.03299704282986,-16.049750874532297
-137.7142184872552,-16.030942559956053
-137.29593765399304,-16.042257677973886
-137.90367815219955,-16.02553110046271
-138.62999211672923,-16.005523220799883
-138.27930174429287,-16.015162389466905
-139.03947516376803,-15.99353815180221
-139.5708298376825,-15.977226881571093
-140.2691509613882,-15.95327393880808
-140.03863065316244,-15.961572224503904
-140.59202851677574,-15.941224572697955
-141.16395532428194,-15.917464569723737
-141.6577100449809,-15.893918115316572
-141.48586783964768,-15.902500295404122
-142.15212199250217,-15.867182975659313
-141.79597741642627,-15.88752748528508
-142.7043356450411,-15.831514304294268
-142.9075289986182,-15.81620954347132
-142.88544123437612,-15.818356134663935
-143.5385828417355,-15.763300584912027
-144.12965884411904,-15.701448632471807
-144.72596040574882,-15.62522675505069
-145.30580894323822,-15.535675160348351
-145.98705434542106,-15.403958135241218
-145.76475255798948,-15.45018344895674
-146.30147982022643,-15.334425535306405
-146.86366105391173,-15.18799245411171
-147.44515049348817,-15.009067330343987
-148.00166597548585,-14.802852292842605
-148.5533861955157,-14.560073627327402
-149.06672800247756,-14.294054585240383
-149.6690429366418,-13.91541946672528
-149.45405953006727,-14.058993275850879
-149.9685853741513,-13.69905597856702
-149.95824458697396,-13.70449105296138
-150.07586245730232,-13.606613952295646
-150.6673412881625,-13.098252884466111
-151.03877144220525,-12.68450020367348
-151.39133569042207,-12.202053918264497
-151.70508562967785,-11.677860335087177
-151.95213045597126,-11.145587822948793
-152.14823685016214,-10.516508078091004
-152.2025223688651,-10.32768236535324
-152.17668528231832,-10.411481168186537
-152.34413552149744,-9.603886527843974
-152.3941769081509,-9.029317966282175
-152.4051233251593,-8.431602616765847
-152.3641802135505,-7.825821236644371
-152.28626998997703,-7.261123877095136
-152.11951717605425,-6.566168841837042
-152.21445928890418,-6.928641957307682
-152.0295101288284,-6.273286700492577
-151.81390301203868,-5.738328621554411
-151.53942576324124,-5.198160050059961
-151.22932722819735,-4.714604137149149
-150.85852948877576,-4.2557376981520845
-151.07594789493746,-4.51932978966232
-150.56826724444022,-3.944143479161044
-150.08921132422847,-3.5311343505126778
-150.0300657728327,-3.4837300166630403
-149.87304578333047,-3.365762799021064
-149.32781219191097,-2.980557284880555
-148.69396638877458,-2.6212947658130497
-149.026513246982,-2.803356177703545
-148.49464365444467,-2.5187868127908772
-147.92122470708682,-2.2496059173007708
-147.3904452694166,-2.0308543008193563
-146.70714482131953,-1.7917390755756977
-147.01375571856613,-1.8944404269251183
-146.43425291684431,-1.7055716107942667
-145.87482891832946,-1.5482370266568852
-145.27761350555738,-1.4035189172099076
-144.70195609781217,-1.2831346311535554
-144.1013984752925,-1.1764500253536778
-143.68126781379266,-1.11113535288522
-143.93075281715403,-1.1498976743597515
-143.12017288926637,-1.0331972160945468
-142.5367266306863,-0.9635045344635665
-141.94102432453678,-0.9009635208914004
-141.33867682478086,-0.8446772237491198
-140.7497896449339,-0.797272990378319
-140.14722893727972,-0.7554694756892573
-139.5476291801297,-0.7195713370544794
-138.97288807290602,-0.6910528236690374
-138.30805466733352,-0.6648106442732549
-138.66080153154354,-0.678204172176319
-137.9770082623399,-0.6541461778307605
-137.36796818797384,-0.6386995914083694
-137.15252980588426,-0.634308194518742
-137.20379171338112,-0.6350880510985424
-136.24242533415128,-0.6203907200258977
-136.36830046278595,-0.6221492591048019
-136.08462034203347,-0.6189867405904377
-135.45893198077144,-0.6142403502687632
-134.77840438802033,-0.6114776038235047
-135.20491508077944,-0.6132026596769841
-134.54299766273948,-0.6108889061363125
-133.8919879582109,-0.6094525268137578
-133.2258961191008,-0.607350057715487
-133.34092557292186,-0.6076115826433018
-132.92876410542712,-0.6061640720237039
-132.2930941358921,-0.6030937799082412
-131.70234691459902,-0.6003891780163025
-131.11990269439954,-0.5982068990205266
-130.42017446424913,-0.597865484947015
-130.75540240555242,-0.5978660532087677
-130.11527971835568,-0.5987159845126767
-129.52539893422028,-0.6028974409699233
-128.92273003677911,-0.6109781008000155
-128.3246172458397,-0.6241497744688642
-127.71343351840262,-0.6407629074305569
-127.42353531881076,-0.6482321958257284
-127.4541045286939,-0.6471469995291396
-126.71643088823579,-0.6630136440943774
-126.1355604269313,-0.6598699108887696
-125.53231806970092,-0.6529489760654109
-124.93684453247215,-0.6138061904944372
-124.34409213897189,-0.5477061354479515
-123.75197683525286,-0.459373634617588
-123.16328292231249,-0.3458051078799634
-122.58108839500767,-0.2035307427249162
-122.00847124819538,-0.029080726642284976
-121.44850947673267,0.1810147528780916
-120.90428107547646,0.4302255083463752
-120.37887536189513,0.7220258334433722
-119.88444339954651,1.0634764057052262
-119.45850162344692,1.471676802211775
-119.1429709195981,1.9654697576804268
-118.97823018993444,2.5612537132646955
-118.89369320031815,3.136797853533165
-118.89358725424418,3.7111847089236027
-118.88234252160385,3.3473981595595466
-118.9376430117267,4.1445762956877426
-118.89608638563776,3.7751546735880823
-118.99736853311593,4.4627545615906445
-119.15945678665197,5.0129748763552815
-119.37845227673475,5.5600826730035635
-119.65020059880881,6.102792596020772
-119.95515669215015,6.61855170716305
-120.27259653718588,7.103570924763314
-120.68350577443758,7.685559768053005
-120.55164293800648,7.5019075120512
-120.83866327777578,7.898007741314734
-121.18676762921504,8.368137334413127
-121.54219611829066,8.851800523831356
-121.89074809000661,9.344117410040832
-122.21886760499535,9.82820449140937
-122.55348893927965,10.345627184192505
-122.3351983720477,10.00556951416202
-122.73402383010222,10.635157237414617
-123.04869995341502,11.155605236716136
-123.35268673520652,11.677936422664066
-123.6428281436811,12.192258725278432
-123.9594008246015,12.768328452304923
-123.96829402670399,12.785216505283175
-124.09596234885463,13.020735786739413
-124.40319884884526,13.594659850458132
-124.67190343834878,14.108402564055648
-124.94619223573693,14.642610656202265
-125.21342695040835,15.176530877671611
-125.4766180920696,15.717050531775122
-125.7327607245043,16.25789396586142
-125.98052064103703,16.79758135151292
-126.22297385000083,17.346760474319435
-126.45934256706707,17.903259762671507
-126.68611693889409,18.456062684017734
-126.89975379394411,18.994043652863585
-127.14771950048161,19.641682461403764
-127.10975746295473,19.540727592863554
-127.26871368233599,19.96910660747638
-127.29719054924136,20.040587960470585
-127.37026994694592,20.2379899991342
-127.58182434700075,20.81942500102365
-127.78392134039139,21.384655345141727
-127.97916387005684,21.938357682583895
-128.203404703506,22.58122037017374
-128.163633728485,22.467235076398737
-128.30530130971727,22.874767303474925
-128.50144712951857,23.44145118814719
-128.6999554986064,24.014849686739815
-128.8894041530786,24.560956075467494
-129.12146856386556,25.224160347218852
-129.00274886875377,24.885835117683204
-129.2232791916168,25.513232105122984
-129.4146112339175,26.05115872361202
-129.6174286476524,26.61369219777699
-129.82792620357333,27.186992205190226
-130.03119416008576,27.729787966346006
-130.28260983988747,28.385633746834785
-130.2614095000251,28.33098836360902
-130.32889337288748,28.503600208734426
-130.58257697536942,29.149227739421327
-130.8479912724293,29.803171838237553
-130.69730294852062,29.433490758177772
-130.98582735537227,30.136111582589713
-130.87353318141135,29.8651291097329
-131.09888423161925,30.406027955546197
-131.32275902740847,30.930158656209283
-131.52661709908736,31.397798824993686
-131.40529895462797,31.1198554902862
-131.72439981271722,31.84295192591542
-132.00886638613534,32.46572513708565
-131.94985342201392,32.337867069896355
-132.05633400073586,32.56929677136413
-132.44852690804976,33.40485106646069
-132.31096667313363,33.11381658203941
-132.5614270906673,33.640547176601345
-132.8098706485673,34.1544271009399
-133.09553379337115,34.737573654424
-133.1507656535096,34.84866256573537
-133.18444114119873,34.91665150957364
-133.52770492622017,35.60590895121418
-133.78864192414227,36.12377592036791
-134.07595155982324,36.690460132899716
-134.15298343739872,36.84176904842344
-134.21190583628558,36.95723517375566
-134.52910269055056,37.577424757681506
-134.5147233400325,37.549123816872054
-134.66400164609945,37.83979616839009
-134.95597594383057,38.40667955116432
-135.22859762034355,38.934130783808826
-135.50739231848314,39.472749895932665
-135.7730188835629,39.98513964809169
-136.05747645530838,40.533824857191696
-135.87324557255602,40.17870472322289
-136.21824038558054,40.84433314111341
-136.51182196444483,41.411648051361006
-136.7800869840967,41.93112070512005
-137.0577289968682,42.47035624952096
-137.33519760237326,43.01153630612047
-137.59906762213487,43.528227594831286
-137.88927278476064,44.10007502820358
-138.02669600234356,44.37253993290609
-137.92588012986033,44.17210572828452
-138.33875214619292,44.99388191080087
-138.39216369556294,45.100874892644406
-138.3937387636596,45.10398726558507
-138.7338980669413,45.78889786263679
-138.98464478372819,46.300141970008326
-139.24828004416884,46.843371055644326
-139.5071960748514,47.3839620157745
-139.76211641113747,47.92406793012411
-140.01378014800082,48.46587324384961
-140.26259816674892,49.01103505039696
-140.50805669598327,49.55972477324575
-140.7423979856555,50.094843166638825
-141.0187443150156,50.74320127222278
-140.93051656259317,50.53458209567212
-141.1226149983444,50.991147813721355
-141.3441897859616,51.532067008973364
-141.5637912457142,52.08233835643415
-141.80765066809025,52.716155607338536
-141.79052199842076,52.671322758411904
-141.85756996921492,52.849963468198816
-142.11096929803065,53.53765546688105
-142.3022209483353,54.08169846629769
-142.49542334596413,54.655389946933816
-142.67104675788946,55.20293585546063
-142.86078387672148,55.84205159872283
-142.76822424577847,55.523747906981065
-142.95687943936954,56.18691278348403
-143.1007473837378,56.751943991705275
-143.233888868128,57.33853949925196
-143.34776564551657,57.92035468400735
-143.45346881068562,58.60163254607256
-143.464459004622,58.673251312514495
-143.4783837453519,58.86394843365775
-143.52930700390635,59.24252408933589
-143.5128581239733,59.11487725856253
-143.5772308530145,59.88948984182656
-143.5839422277778,60.44013883194081
-143.56183335976277,61.134717890003785
-143.58134176272827,60.69712017501141
-143.54036961935137,61.3561963741786
-143.4600462315726,61.99829561669523
-143.3457801199121,62.565473976521965
-143.14521891649338,63.241267581466005
-143.2535336210102,62.902946842625035
-143.05689547406627,63.482083254456754
-142.8161890593875,64.0338825771866
-142.5245195503778,64.56401553039046
-142.19015384929205,65.05666573848364
-141.79950926027226,65.51234646019051
-141.36168156744273,65.92606540651457
-140.90766704622445,66.27844253274563
-140.30904537023372,66.64860525928842
-140.62519899660248,66.46230356435458
-140.04177141869917,66.79206456992158
-139.5199123425768,67.03298152316519
-138.89485273669175,67.27383530254451
-138.88658782235314,67.27555514057114
-138.59490064531022,67.37516014373507
-138.30283117038115,67.4629755543724
-138.37033213209355,67.44466777744049
-137.74182767145714,67.61723119724101
-137.14860724785063,67.75058101176778
-136.59463153232767,67.85830955945339
-135.897114970932,67.96107854816805
-135.7846765324032,67.97567237781587
-135.637029051669,67.99382308156227
-134.9996186226317,68.0558225735701
-134.41597537201886,68.08736920445133
-133.81037204572343,68.10134509316296
-133.21831190121816,68.09078837320604
-132.61176955160295,68.05758284875712
-132.03357901762337,68.0055667520002
-131.34515974074915,67.90824111072742
-131.49612776017267,67.93234672493766
-131.04530531686416,67.85663857928255
-130.43938202037583,67.72879648814076
-129.86807752226778,67.5751809153941
-129.51972054369452,67.46468191394575
-129.6628782579814,67.51062687742318
-128.9256395418169,67.25025766988065
-128.4097924411762,67.01751275309937
-127.86568276836142,66.73068020686478
-127.46618014803715,66.48198519286022
-127.72677306297197,66.64489558734759
-127.07309097039337,66.20260042281777
-126.65473337705339,65.85069092012182
-126.13275262284087,65.2784764725041
-126.33975100077733,65.52597088774732
-125.9883582471161,65.09104075002892
-125.61589390466307,64.47730972437132
-125.81884811675224,64.83617234887964
-125.49276840507027,64.2129879308888
-125.29402617963932,63.678475977528095
-125.12353517646555,63.12330231644209
-124.9564193216485,62.41018128177056
-125.02192549130685,62.70718688197522
-124.89955364117986,62.13606905660552
-124.79165164383618,61.56167547582468
-124.6839745744175,60.97314178198886
-124.57452557266197,60.39398844803956
-124.43927445682648,59.78895636252054
-124.30284023913337,59.25099568280532
-124.07927163822917,58.55568129864913
-124.17309646084202,58.82618199333129
-123.99669616784861,58.33832214094533
-123.77184076914507,57.75885444968391
-123.47238975896043,57.174809313492844
-123.38609369206905,57.002574351738396
-123.38312814033192,57.01277616880249
-122.99323141017638,56.3589931924559
-122.67248626380118,55.93242211452924
-122.24088570091915,55.4244110941646
-122.45129902234854,55.66548461518158
-121.972506921623,55.14928353535594
-121.54804862423717,54.76081962878113
-121.07879605817597,54.37648895047214
-120.5927384088432,54.02769010847372
-120.08664002771177,53.710649031068286
-119.55982527396351,53.42348967275608
-119.0182085011626,53.170898357339674
-118.45919373927251,52.958229899250156
-117.87880562506847,52.791077194871434
-117.30300401369003,52.67868983635722
-116.6449732241681,52.62632744397817
-117.06598769348035,52.651809736524676
-116.36296582052974,52.625786044179264
-115.65483097588243,52.72063728427902
-115.70664278093265,52.70664689178555
-115.4294652150979,52.764253485228636
-115.76747031489788,52.6931609001218
-115.0175456510934,52.88207191310015
-114.50418606716453,53.107046307048286
-113.97850955104792,53.40694014063919
-113.51037358439959,53.75310654608801
-113.12531490404956,54.130711556605945
-113.32616129133785,53.917135523806536
-112.79788059753697,54.548655059791734
-113.0266243832042,54.24085308517772
-112.67017268218329,54.76952202954508
-112.44462896156134,55.305948819584295
-112.28398531064047,55.89161881957042
-112.1955174318127,56.490363529986695
-112.16770103715372,57.11078612142428
-112.17628900579794,56.75616351442802
-112.17602625854985,57.44940362290721
-112.22869385490411,58.027539795199175
-112.31766986871408,58.624469749917274
-112.43638776622265,59.20981905017174
-112.57849725291474,59.79194891125385
-112.7313722493204,60.3523809422903
-112.92559047682836,61.00626678120806
-112.82720849697411,60.679557673391486
-113.02362791728365,61.32784138614179
-113.19517126905684,61.8867658050342
-113.36594373359073,62.460434891287655
-113.53146221132755,63.036169740654856
-113.692667324265,63.61544012918364
-113.84353786356282,64.171634235259
-114.02318972437465,64.8431593729042
-113.92806368761269,64.48654116167351
-114.10639740574223,65.15424571880044
-114.25676662369759,65.71297080190787
-114.41600737989133,66.29361601135702
-114.5786870743854,66.86777758272339
-114.7495566473416,67.44800921325901
-114.91548528292932,67.99183780560098
-115.12866803092064,68.67246006757333
-115.0130254282177,68.3040988281416
-115.23069671012789,68.99816861205062
-115.15240509501595,68.74736630946242
-115.2933145145845,69.19895803800637
-115.49745008037846,69.87041837006097
-115.65738953880735,70.42383085092054
-115.81659223235869,71.01240141638554
-115.96120277318735,71.59700765752953
-116.08641826825746,72.15114860571877
-116.21938748045652,72.87211019649399
-116.1732789063882,72.60260837604517
-116.25996285934441,73.13498237126818
-116.33000172458102,73.71898183265728
-116.36680899269602,74.32709260339415
-116.36625891795602,74.8977454554514
-116.29028115319223,75.61389365912112
-116.34326331827201,75.19955902789685
-116.25216236897094,75.78440220958593
-116.08824287946754,76.45517945216588
-115.88351340988962,76.99284856581978
-115.51736027121161,77.59956398873594
-115.49362805484847,77.63144381283162
-115.42092380735991,77.72365091051199
-114.90606743414523,78.2187867260633
-114.36320070062183,78.43736099562567
-113.7031748516761,78.51481039540775
-113.63113977997232,78.50876078624673
-113.54970083070418,78.51406819628171
-112.9256349429651,78.44613775302874
-112.2561554341196,78.25937722550981
-112.30110667081084,78.27480534641498
-111.98628522640755,78.1619718835628
-112.34699547969966,78.2922062247258
-111.64939152804084,78.01734113491867
-111.08934355713285,77.74240545136342
-110.56797652595594,77.44080321138826
-110.04842109157524,77.0970322074165
-109.72445675105244,76.86156780193888
-109.83298236450592,76.9442916393031
-109.3045958329076,76.53154686767026
-109.64315046380887,76.80166714286018
-109.06801665242307,76.32647979419097
-108.6132192688598,75.90460886477186
-108.19856659673418,75.46845045847952
-107.81539699483766,75.01625063410182
-107.50554701434886,74.60544220370912
-107.7145582824985,74.8860265262601
-107.24956919497025,74.23415618004825
-106.95277534860097,73.75362026286884
-106.60786500787873,73.11591022218659
-106.76238921582242,73.41378344754112
-106.45627332389357,72.80498687287172
-106.5367456510062,72.97105469153105
-106.31533691384615,72.49302695662188
-106.30810560430993,72.47308965364931
-106.20507206779789,72.23171894505516
-105.9707292718276,71.62945034261219
-105.78170308020434,71.08309052051324
-105.58165464672729,70.4265151552436
-105.5663129453742,70.37324073599007
-105.5065964637155,70.16278014257304
-105.34178294209907,69.54423212464427
-105.20136163177406,68.95947804364529
-105.07468275682619,68.39704084919033
-104.92959637342763,67.69252445973181
-104.9674615979705,67.88103897549641
-104.89253727000832,67.50328970862303
-104.7583844516273,66.80477828321246
-104.65567154827787,66.24103923081157
-104.53208196083341,65.543101860894
-104.56015113724196,65.7034256943336
-104.49237390626303,65.31568308172038
-104.38258815451644,64.68083031518736
-104.28116008328868,64.09115348359184
-104.33914318376239,64.426702280322
-104.20998457027962,63.678249663658626
-104.114365223969,63.13436449231164
-104.00703522019964,62.5386929519969
-103.89784764020621,61.95185712387896
-103.78269718506543,61.36408632296505
-103.65926893155773,60.77707998453147
-103.5255643353769,60.19626779132375
-103.37420239565485,59.61440657961841
-103.20493445351407,59.04238084323427
-102.99799431131198,58.444472388900785
-102.9079253595499,58.213936733000324
-102.88024714045939,58.14196234253672
-102.63553189531423,57.58193009234897
-102.30131713605442,56.958888770753504
-102.42638764972507,57.17893829873153
-102.28548455834786,56.933822553093144
-102.3569238288612,57.05777380137008
-101.95148177022621,56.408834262340484
-101.60886616549327,55.97098364404111
-101.20832036761995,55.51791461037481
-100.77638119787181,55.09267117729344
-100.3420978826981,54.7140998899141
-99.80061391014267,54.29254628191899
-100.09774507144917,54.51828849295967
-99.52971001354057,54.096855997128706
-99.04835995922721,53.7732632536677
-98.54461674892781,53.45415427778116
-98.03486585795075,53.139973890785626
-97.52170483357523,52.81928541579953
-97.0397012263788,52.50725246819634
-96.49963981139226,52.125668802918305
-96.83436617783663,52.36637478746458
-96.27746511612871,51.95328744318294
-95.78801513951278,51.53830442781703
-95.36792181803214,51.115144297088285
-94.99401457726945,50.63723910777774
-94.69476654595478,50.14641312590955
-94.42410814590811,49.47426719981145
-94.46749622742375,49.60629362629727
-94.35289403519474,49.244416210438885
-94.21804066197524,48.692203423851254
-94.1253419371262,47.97594938349884
-94.16881298459997,48.364425498903536
-94.11139314406714,47.79236131753334
-94.09154777726269,47.18010613174926
-94.10435368068671,46.597542289683304
-94.16354396163375,45.87192971346842
-94.14720062441991,46.03477629296071
-94.19307179398255,45.603408092715654
-94.27272974289211,45.03696292889121
-94.38523891356417,44.398115417237904
-94.31149761657666,44.80341590620851
-94.44953465371059,44.07791223438177
-94.57541191941829,43.50131547464343
-94.74697722157855,42.80730338460607
-94.69227073179206,43.02153425276943
-94.8060213857169,42.58099127288526
-94.96407003155527,42.01319433046012
-95.13265147298372,41.44225878914768
-95.33663554706064,40.79202843061028
-95.32869186500714,40.81683911965298
-95.42599623066913,40.51642851191381
-95.6300373023212,39.907121374427184
-95.84741264688998,39.28102996541577
-95.69719344071724,39.71112314851229
-95.91421489343303,39.09448904777696
-96.13328651551384,38.486209401606175
-96.34194359069517,37.92108084514537
-96.54490487229255,37.380522737868816
-96.7485506100129,36.84720260867752
-96.63882498071058,37.1341155165369
-96.91909831374633,36.40371068749517
-97.12134346828303,35.8849938622935
-97.34223206251478,35.32247305910206
-97.56208141068636,34.76594875447216
-97.78183681318268,34.21225151040328
-98.00370846677393,33.65492822210046
-98.22755356874173,33.093383992204956
-98.43921259783346,32.56186646384102
-98.69973445952024,31.906013546990234
-98.55803149854135,32.26290007193075
-98.80154662624982,31.648014616104245
-99.01556500240412,31.10320569198542
-99.23399225966413,30.54110910167676
-99.44690908932763,29.985228142793076
-99.66010088383626,29.418914278742754
-99.85912322399247,28.879622814149105
-100.10165614978297,28.202253386897883
-99.98639206765021,28.526557426050694
-100.19937524012498,27.923638849863423
-100.38556715004047,27.378141680577414
-100.59247508549406,26.751885196061636
-100.60345636925135,26.717508046657073
-100.66853090233852,26.51558078670484
-100.86503707634301,25.896920436163825
-101.06356911753242,25.245531272493793
-100.9514633804327,25.615462642183125
-101.15296862975187,24.94839518087478
-101.31394933463787,24.396916976238668
-101.48101857430154,23.81629443049345
-101.64419498500445,23.24107422081032
-101.79998744657637,22.66410880821043
-101.95186459166587,22.08533832876873
-102.09828370402217,21.504587132706195
-102.2305912091516,20.91952066694043
-102.34325100157386,20.33021145847391
-102.43211457477473,19.73773374408692
-102.49303678462286,19.143164187869075
-102.52187248698695,18.547579453909982
-102.51447653773566,17.952056206299233
-102.46670379273775,17.357671109126454
-102.37443779587929,16.76556730606397
-102.23472310377284,16.179578389567066
-102.04613949341154,15.607095563227182
-101.80737210735495,15.055754197347497
-101.51710608816252,14.533189662231193
-101.1740265783938,14.047037328181453
-100.77681872060828,13.604932565501462
-100.32416765736545,13.214510744494405
-99.81838967024882,12.88471542694027
-99.2841160888128,12.632529623223766
-98.68940974819839,12.456745834717255
-98.15944301949219,12.333542515565316
-98.5644402688426,12.419766015061157
-97.82812784923166,12.280332161465337
-97.25755453354913,12.227005464677188
-96.65226644266559,12.201795005639344
-96.05738428689334,12.207473264402758
-95.41743016779888,12.23728017135375
-95.15371124990106,12.25591946377299
-95.27459057025264,12.248469361016442
-94.45838800105288,12.314907625334179
-93.902387896643,12.373086633698616
-93.290962848862,12.437951065543327
-93.57691879969141,12.40759393046266
-92.89319887982548,12.480422999519224
-92.26611237964649,12.545934651580447
-92.19893158789733,12.552725321282221
-92.10069242830039,12.562577036066024
-91.29682832209926,12.64372518353
-90.72646691434062,12.69932005334216
-90.12587722138606,12.756616493863229
-89.53080975941788,12.812533197323322
-88.93571626731861,12.868139843037623
-88.33947641536619,12.923264468558777
-87.74122547444509,12.977664102664068
-87.15242037159942,13.02981474441435
-86.47742776310189,13.08447670610372
-86.46296217428055,13.085664329125139
-86.27114498541566,13.100238661400688
-85.5410540875326,13.15163137147843
-84.9870894589339,13.182540332943246
-84.36157092590922,13.210803001469932
-83.79473096734853,13.227305764997723
-83.15792453719766,13.234267809546767
-83.46635557563974,13.232050456743206
-82.77999822985304,13.232679450902895
-82.18841808446194,13.217790725280151
-81.59849338511636,13.191670188849578
-80.98064831331345,13.14387903897876
-80.42765590143046,13.088187203034671
-79.7144206801441,12.981966514466583
-80.00708993444607,13.029775868468917
-79.34207920280024,12.913121979079737
-79.5178320639842,12.946424794961791
-79.06898081364677,12.855044391268265
-78.47521219865716,12.705264056070725
-77.92510888387339,12.537365602972987
-77.24833968791329,12.269653604661077
-77.26286216428798,12.275655375276795
-77.06665321323071,12.190116252072968
-77.36566198075346,12.32228124669179
-76.6977345817542,12.012154770797965
-76.21869900502864,11.72991120847285
-75.72262153772482,11.388759934856186
-75.25948766983248,11.001536576751425
-74.84546108988523,10.595804174813132
-74.39470803716836,10.064479705512024
-74.52101131124626,10.221851808686697
-74.24524939450986,9.867540882263384
-73.88755525438323,9.346691479484592
-73.58916652931705,8.83926498231502
-73.3092222712826,8.29717948860239
-73.07150620930204,7.7554749519829755
-72.85443352977427,7.181292886501304
-72.75484128334223,6.872920968618402
-72.81430308607783,7.066066815684094
-72.55703243694128,6.175907483261587
-72.56222802300587,6.186607346026833
-72.50208024902796,5.934381200228752
-72.37274046540598,5.294062381672313
-72.27669160681106,4.615727908017267
-72.22766796512063,4.174586307495051
-72.25931433690833,4.481971166206334
-72.19037365825518,3.7008720816764895
-72.16766445603434,3.1287667573525626
