blue,-121.64836899814887,-23.58570376634573
blue,-124.8376379426617,-19.84729452770013
blue,-129.4626542281713,-18.155506606019628
blue,-134.39022508530678,-17.643787764305827
blue,-139.3456402703195,-17.489830173699502
blue,-144.29188573484393,-17.175438176911427
blue,-149.0889787968035,-15.996092808815419
blue,-152.78350050043844,-12.821519162672558
blue,-153.835525739202,-8.043003452205895
blue,-152.19101712860197,-3.459890608830335
blue,-148.13482217892914,-0.7076064058790053
blue,-143.32393198401718,0.444694687607722
blue,-138.38360292644586,0.8357646102288641
blue,-133.42633636210607,0.8922350647601007
blue,-128.46849028872523,0.877011297293464
blue,-123.51943896834922,1.1242623004380192
blue,-120.38624711049064,3.6237941881426394
blue,-122.75697523667749,7.968376683301344
blue,-125.35278770801925,12.191706063691413
blue,-127.54909675484686,16.633902866119143
blue,-129.33054363453365,21.259642674656035
blue,-130.96833760407705,25.939185328498198
blue,-132.79154308594008,30.548711414709842
blue,-134.91611387533703,35.027698405681804
blue,-137.17930430490676,39.43886647451882
blue,-139.4432960618992,43.84963016899147
blue,-141.59381107325237,48.31649747779696
blue,-143.479260317002,52.90042444363371
blue,-144.81142225148724,57.67006978434506
blue,-144.9022119779316,62.59886845183786
blue,-142.55643755649163,66.86659147915583
blue,-138.1649008727186,69.05892782358038
blue,-133.24980029161543,69.57690687529356
blue,-128.39908564007115,68.67238858561845
blue,-124.57521292942378,65.66508395362786
blue,-123.16559235687181,60.941446298547305
blue,-121.18275573564254,56.496582699264366
blue,-116.84994044820931,54.203695171895816
blue,-113.76356846749273,56.5068353738622
blue,-114.60413218327643,61.38336355021147
blue,-115.95272950785409,66.15401091229188
blue,-117.2844079291543,70.92925451325692
blue,-118.00041314099008,75.82153756608733
blue,-115.59866724703451,79.77031158135176
blue,-110.78687905512658,79.11675159677336
blue,-106.8374068098876,76.19332690214875
blue,-104.46871067301822,71.86979362734655
blue,-103.27880122980012,67.06219102319744
blue,-102.41583808913128,62.180177511249724
blue,-100.86698980941156,57.49129939420368
blue,-97.11787797746851,54.41859642541468
blue,-93.52292300135697,51.13454847068016
blue,-92.63621240434723,46.3197530328724
blue,-93.5627584111377,41.459757670358414
blue,-95.17132218172549,36.771485841482786
blue,-96.98614128402596,32.15772653859035
blue,-98.74866567770235,27.52398617650043
blue,-100.2165812607966,22.790210375265147
blue,-100.98576290287507,17.90315894919155
blue,-98.70855036944067,14.05658811441269
blue,-93.77214753504325,13.896860629955697
blue,-88.83832391399355,14.383039154251662
blue,-83.89383343087522,14.727853134423697
blue,-78.96093416722695,14.349102749916156
blue,-74.47891233004272,12.34147606967808
blue,-71.67189122638683,8.32420881101065
blue,-70.68114045566092,3.487901796478198
blue,-71.12668361564562,-1.4322702453734593
blue,-73.2201730898107,-5.881718056365784
blue,-77.39182202124576,-8.370032089003658
blue,-82.33080465049855,-8.641527100771668
blue,-87.26168051894689,-8.959121384367222
blue,-91.57554955010741,-11.355174631886683
blue,-96.4140510907142,-12.316298669423077
blue,-100.0125037784473,-14.596208961057286
blue,-98.72009689647707,-19.36191874641466
blue,-96.76595241082416,-23.917943656748164
blue,-94.75104828779641,-28.447902971433948
blue,-92.88583349516993,-33.040975818214655
blue,-91.34464856892706,-37.75152814304745
blue,-90.31348649657934,-42.598075217003725
blue,-89.95018593169188,-47.537208655461086
blue,-90.73329074434193,-52.4082776759584
blue,-94.09549423373879,-55.78060134083254
blue,-98.90036499572393,-55.01706950078635
blue,-103.12262084319065,-52.43670074489035
blue,-106.870364192779,-49.196533760785094
blue,-110.15546637366901,-45.48829109153318
blue,-112.92736072978808,-41.38154520552233
blue,-115.24137364613966,-36.99862688582728
blue,-117.28252376034938,-32.48063934294909
blue,-119.32280359762171,-27.962260281491865
yellow,-119.07246954254236,-22.049282096712446
yellow,-122.12137973061407,-18.15282321166572
yellow,-126.46456235876488,-15.811887653436017
yellow,-131.33295310930527,-14.861485024176218
yellow,-136.29228034115914,-14.570613220765665
yellow,-141.25870292675972,-14.413024301520295
yellow,-146.1836262665429,-13.807227422170854
yellow,-150.24468088262847,-11.216296151805707
yellow,-150.47989322714216,-6.384883917498158
yellow,-146.71318801458705,-3.3811055789542763
yellow,-141.8530533758083,-2.3994394102954004
yellow,-136.8930720319642,-2.1261851355315997
yellow,-131.92416788430216,-2.116126845600519
yellow,-126.95533642365842,-2.100317796678283
yellow,-122.00939278220613,-1.6782645950276702
yellow,-117.74032963519927,0.5908201569233285
yellow,-117.84334885701853,5.34067905849713
yellow,-120.28049140628386,9.665616149217158
yellow,-122.87299829501474,13.903828011016827
yellow,-125.02969453635025,18.377454487343783
yellow,-126.77201491983811,23.030203953474953
yellow,-128.42410872801028,27.716469055542532
yellow,-130.2946515878213,32.318967477497736
yellow,-132.44783580411774,36.79679437353059
yellow,-134.72112661801717,41.21532454203452
yellow,-136.9843355366043,45.63900173110008
yellow,-139.11816557709687,50.126114923167165
yellow,-140.94429955338555,54.74540480831641
yellow,-142.0463145036869,59.57917267843507
yellow,-140.90477868640565,64.27468930426082
yellow,-136.49169547234706,66.3508528272055
yellow,-131.54540313149587,66.41309698636434
yellow,-127.22143335397219,64.24293215678267
yellow,-125.92662569106665,59.47325214881903
yellow,-123.88617304239429,55.00054460176901
yellow,-119.90443788500627,52.09403567576757
yellow,-115.09492186036172,51.04078055328648
yellow,-111.19990948756532,53.627101360916186
yellow,-110.94555354784843,58.53297748841439
yellow,-112.02967740550206,63.37922104605346
yellow,-113.41305129275878,68.1517510537204
yellow,-114.66894215126607,72.95808269440033
yellow,-113.78423976328588,76.92179863674767
yellow,-109.46280424992284,74.63130234797276
yellow,-107.11025186552872,70.30522919961831
yellow,-106.04269700602205,65.45605381618199
yellow,-105.13516439241926,60.571474584507996
yellow,-103.42784572384681,55.92402838957861
yellow,-99.95632171318178,52.45830858483416
yellow,-96.08120368699565,49.54339672828024
yellow,-95.86816698019818,44.65498086290049
yellow,-97.2257384675223,39.87981127428827
yellow,-98.99133789146228,35.235380254674425
yellow,-100.80834508048702,30.61050612269915
yellow,-102.44621995200453,25.92002939573915
yellow,-103.65393777736841,21.103292107274427
yellow,-103.88477620507896,16.159631660865912
yellow,-101.47217015511337,12.000721759210663
yellow,-96.7118230567003,10.808755564581972
yellow,-91.75269131086785,11.063700862884403
yellow,-86.80864623752034,11.560779314074225
yellow,-81.84564373769109,11.69679535436535
yellow,-77.07142906304216,10.494146038535987
yellow,-74.2319022066214,6.563975739341089
yellow,-73.6855275178906,1.6518553352758687
yellow,-74.95258123615068,-3.1116827909479525
yellow,-78.98972593546033,-5.5838719611115835
yellow,-83.95600109675692,-5.62086374065936
yellow,-88.84845040490515,-6.32014057400994
yellow,-93.15880388956668,-8.759430269885115
yellow,-98.0663833181237,-9.457863740951453
yellow,-102.31175314847576,-11.680916704146654
yellow,-102.77188822424318,-16.50418639947712
yellow,-101.20975995863003,-21.214717874421396
yellow,-99.22320564312625,-25.76912091554543
yellow,-97.21463883099511,-30.314038649665022
yellow,-95.38794997060364,-34.93434752230511
yellow,-93.94235767578199,-39.68608319235293
yellow,-93.08761650980105,-44.577157747625265
yellow,-93.09961902783013,-49.5343019777094
yellow,-95.85078679496421,-52.87663568098656
yellow,-100.3092831545654,-50.76119343031714
yellow,-104.16618102948038,-47.63614060982167
yellow,-107.5257863499449,-43.98106396886155
yellow,-110.3285659333205,-39.8825839787704
yellow,-112.6390559439868,-35.48537768517772
yellow,-114.67650797058455,-30.953448859465468
yellow,-116.73111069801013,-26.429372311020387
